date,gross,fees,net
2026-04-13,698.86,12.23,686.63
2026-04-14,1008.88,17.66,991.22
2026-04-15,1130.43,19.78,1110.65
2026-04-16,1130.62,19.79,1110.83
2026-04-17,1358.68,23.78,1334.90
2026-04-18,1545.06,27.04,1518.02
2026-04-20,724.79,12.68,712.11
2026-04-21,1215.17,21.27,1193.90
2026-04-22,1210.19,21.18,1189.01
2026-04-23,1186.77,20.77,1166.00
2026-04-24,1523.96,26.67,1497.29
2026-04-25,1561.10,27.32,1533.78
2026-04-27,570.79,9.99,560.80
2026-04-28,1078.02,18.87,1059.15
2026-04-29,1009.77,17.67,992.10
2026-04-30,1352.76,23.67,1329.09
2026-05-01,1274.36,22.30,1252.06
2026-05-02,1664.77,29.13,1635.64
2026-05-04,684.35,11.98,672.37
2026-05-05,1084.48,18.98,1065.50
2026-05-06,995.61,17.42,978.19
2026-05-07,1305.07,22.84,1282.23
2026-05-08,1390.75,24.34,1366.41
2026-05-09,1569.65,27.47,1542.18
2026-05-11,561.59,9.83,551.76
2026-05-12,1101.41,19.27,1082.14
2026-05-13,1207.66,21.13,1186.53
2026-05-14,1264.66,22.13,1242.53
2026-05-15,1531.89,26.81,1505.08
2026-05-16,1790.40,31.33,1759.07
2026-05-18,709.68,12.42,697.26
2026-05-19,1258.76,22.03,1236.73
2026-05-20,983.86,17.22,966.64
2026-05-21,1180.94,20.67,1160.27
2026-05-22,1347.72,23.59,1324.13
2026-05-23,1571.31,27.50,1543.81
2026-05-25,619.79,10.85,608.94
2026-05-26,1038.08,18.17,1019.91
2026-05-27,1095.59,19.17,1076.42
2026-05-28,1227.12,21.47,1205.65
2026-05-29,1365.77,23.90,1341.87
2026-05-30,1427.02,24.97,1402.05
2026-06-01,577.13,10.10,567.03
2026-06-02,1084.77,18.98,1065.79
2026-06-03,1190.35,20.83,1169.52
2026-06-04,1305.06,22.84,1282.22
2026-06-05,1557.00,27.25,1529.75
2026-06-06,1445.85,25.30,1420.55
