date,staff,topic
2026-04-16,Bartek,till & Square close-down
2026-04-18,Devon,complaint recovery
2026-04-21,Elaine,food hygiene refresher
2026-04-24,Carmen,food hygiene refresher
2026-04-28,Bartek,allergen handling
2026-04-30,Farid,complaint recovery
2026-05-08,Farid,complaint recovery
2026-05-12,Aisha,allergen handling
2026-05-22,Bartek,complaint recovery
2026-05-23,Bartek,complaint recovery
2026-05-25,Farid,till & Square close-down
2026-06-05,Devon,resident dietary needs
2026-06-06,Elaine,food hygiene refresher
