date,food,service,value,comment
2026-04-13,3,5,5,Lovely lunch as always.
2026-04-14,5,4,4,"Wonderful staff, felt very looked after."
2026-04-14,5,5,3,Service was warm and unhurried.
2026-04-15,4,5,4,Lovely lunch as always.
2026-04-15,5,5,3,Service was warm and unhurried.
2026-04-15,5,5,3,
2026-04-16,5,4,3,
2026-04-17,5,5,4,
2026-04-18,3,4,3,
2026-04-18,4,5,3,Soup a little salty today.
2026-04-18,4,4,4,Service was warm and unhurried.
2026-04-20,5,3,4,Lovely lunch as always.
2026-04-21,5,4,5,Service was warm and unhurried.
2026-04-21,3,4,5,Soup a little salty today.
2026-04-22,5,5,5,Soup a little salty today.
2026-04-23,5,5,4,
2026-04-23,5,4,5,Lovely lunch as always.
2026-04-24,4,4,4,Soup a little salty today.
2026-04-25,5,5,3,
2026-04-27,4,4,5,Lovely lunch as always.
2026-04-27,5,5,5,Service was warm and unhurried.
2026-04-27,4,3,4,
2026-04-28,5,5,5,
2026-04-28,4,4,3,
2026-04-29,5,5,4,"Wonderful staff, felt very looked after."
2026-04-29,5,5,5,Lovely lunch as always.
2026-04-29,4,5,3,Soup a little salty today.
2026-04-30,5,4,4,
2026-05-01,4,5,4,Service was warm and unhurried.
2026-05-02,4,5,4,
2026-05-02,5,5,4,
2026-05-04,5,4,4,Service was warm and unhurried.
2026-05-04,4,4,3,Lovely lunch as always.
2026-05-05,4,5,4,Service was warm and unhurried.
2026-05-06,4,5,4,Lovely lunch as always.
2026-05-06,4,4,4,"Wonderful staff, felt very looked after."
2026-05-06,5,4,4,
2026-05-07,4,4,4,Service was warm and unhurried.
2026-05-07,5,5,3,
2026-05-08,4,5,4,Soup a little salty today.
2026-05-09,3,4,4,Service was warm and unhurried.
2026-05-09,4,5,3,
2026-05-11,4,4,5,"Wonderful staff, felt very looked after."
2026-05-11,5,4,5,"Wonderful staff, felt very looked after."
2026-05-12,5,4,3,Soup a little salty today.
2026-05-12,3,4,3,
2026-05-13,5,5,4,Soup a little salty today.
2026-05-13,5,4,3,Soup a little salty today.
2026-05-14,5,5,5,
2026-05-14,5,4,5,
2026-05-14,4,4,4,"Wonderful staff, felt very looked after."
2026-05-15,4,4,5,
2026-05-15,5,4,4,
2026-05-16,5,3,3,Soup a little salty today.
2026-05-18,4,5,3,
2026-05-18,4,4,4,Service was warm and unhurried.
2026-05-19,5,4,4,Service was warm and unhurried.
2026-05-19,4,5,4,Soup a little salty today.
2026-05-19,5,4,4,
2026-05-20,5,4,4,Lovely lunch as always.
2026-05-20,5,5,5,Lovely lunch as always.
2026-05-20,5,5,4,Soup a little salty today.
2026-05-21,4,3,5,
2026-05-22,4,5,4,
2026-05-23,5,4,5,Soup a little salty today.
2026-05-25,3,4,4,"Wonderful staff, felt very looked after."
2026-05-25,4,4,4,"Wonderful staff, felt very looked after."
2026-05-26,4,4,5,Service was warm and unhurried.
2026-05-27,5,5,5,
2026-05-28,5,5,4,Lovely lunch as always.
2026-05-28,5,5,5,
2026-05-28,5,5,4,"Wonderful staff, felt very looked after."
2026-05-29,4,4,5,
2026-05-30,5,3,4,Lovely lunch as always.
2026-05-30,5,5,4,
2026-05-30,5,4,4,Service was warm and unhurried.
2026-06-01,5,4,4,Lovely lunch as always.
2026-06-01,4,4,4,Service was warm and unhurried.
2026-06-02,5,5,5,
2026-06-02,5,5,4,Lovely lunch as always.
2026-06-03,4,4,5,Service was warm and unhurried.
2026-06-03,4,5,4,
2026-06-03,5,5,4,Soup a little salty today.
2026-06-04,5,4,3,
2026-06-05,3,5,5,Lovely lunch as always.
2026-06-06,5,4,5,
2026-06-06,5,5,4,
2026-06-06,4,3,3,Service was warm and unhurried.
