date,dish,description_seed,allergens
2026-04-13,Confit duck leg,rich classic redcurrant indulgent,crustaceans;mustard;soya
2026-04-14,Poached pear & almond tart,autumn dessert delicate sweet,lupin
2026-04-15,Pan-fried sea bream,light citrus butter seasonal greens,eggs;molluscs;tree nuts
2026-04-16,Confit duck leg,rich classic redcurrant indulgent,crustaceans;mustard;soya
2026-04-16,Slow-braised lamb shoulder,rosemary root vegetables comfort,crustaceans;soya;sulphur dioxide
2026-04-17,Slow-braised lamb shoulder,rosemary root vegetables comfort,crustaceans;soya;sulphur dioxide
2026-04-17,Smoked haddock chowder,creamy hearty lunchtime starter,
2026-04-18,Poached pear & almond tart,autumn dessert delicate sweet,lupin
2026-04-20,Confit duck leg,rich classic redcurrant indulgent,crustaceans;mustard;soya
2026-04-20,Wild mushroom risotto,creamy parmesan vegetarian warming,
2026-04-21,Roast vegetable wellington,festive vegetarian crisp pastry,crustaceans;fish
2026-04-21,Beetroot & goats cheese salad,fresh light colourful starter,soya;sulphur dioxide
2026-04-22,Confit duck leg,rich classic redcurrant indulgent,crustaceans;mustard;soya
2026-04-23,Smoked haddock chowder,creamy hearty lunchtime starter,
2026-04-23,Confit duck leg,rich classic redcurrant indulgent,crustaceans;mustard;soya
2026-04-24,Pan-fried sea bream,light citrus butter seasonal greens,eggs;molluscs;tree nuts
2026-04-24,Wild mushroom risotto,creamy parmesan vegetarian warming,
2026-04-25,Poached pear & almond tart,autumn dessert delicate sweet,lupin
2026-04-27,Roast vegetable wellington,festive vegetarian crisp pastry,crustaceans;fish
2026-04-27,Poached pear & almond tart,autumn dessert delicate sweet,lupin
2026-04-28,Wild mushroom risotto,creamy parmesan vegetarian warming,
2026-04-29,Smoked haddock chowder,creamy hearty lunchtime starter,
2026-04-30,Beetroot & goats cheese salad,fresh light colourful starter,soya;sulphur dioxide
2026-05-01,Slow-braised lamb shoulder,rosemary root vegetables comfort,crustaceans;soya;sulphur dioxide
2026-05-02,Confit duck leg,rich classic redcurrant indulgent,crustaceans;mustard;soya
2026-05-04,Confit duck leg,rich classic redcurrant indulgent,crustaceans;mustard;soya
2026-05-05,Pan-fried sea bream,light citrus butter seasonal greens,eggs;molluscs;tree nuts
2026-05-05,Smoked haddock chowder,creamy hearty lunchtime starter,
2026-05-06,Beetroot & goats cheese salad,fresh light colourful starter,soya;sulphur dioxide
2026-05-06,Slow-braised lamb shoulder,rosemary root vegetables comfort,crustaceans;soya;sulphur dioxide
2026-05-07,Confit duck leg,rich classic redcurrant indulgent,crustaceans;mustard;soya
2026-05-07,Beetroot & goats cheese salad,fresh light colourful starter,soya;sulphur dioxide
2026-05-08,Poached pear & almond tart,autumn dessert delicate sweet,lupin
2026-05-09,Beetroot & goats cheese salad,fresh light colourful starter,soya;sulphur dioxide
2026-05-09,Roast vegetable wellington,festive vegetarian crisp pastry,crustaceans;fish
2026-05-11,Roast vegetable wellington,festive vegetarian crisp pastry,crustaceans;fish
2026-05-12,Beetroot & goats cheese salad,fresh light colourful starter,soya;sulphur dioxide
2026-05-13,Roast vegetable wellington,festive vegetarian crisp pastry,crustaceans;fish
2026-05-14,Slow-braised lamb shoulder,rosemary root vegetables comfort,crustaceans;soya;sulphur dioxide
2026-05-15,Poached pear & almond tart,autumn dessert delicate sweet,lupin
2026-05-15,Pan-fried sea bream,light citrus butter seasonal greens,eggs;molluscs;tree nuts
2026-05-16,Roast vegetable wellington,festive vegetarian crisp pastry,crustaceans;fish
2026-05-16,Smoked haddock chowder,creamy hearty lunchtime starter,
2026-05-18,Smoked haddock chowder,creamy hearty lunchtime starter,
2026-05-18,Poached pear & almond tart,autumn dessert delicate sweet,lupin
2026-05-19,Roast vegetable wellington,festive vegetarian crisp pastry,crustaceans;fish
2026-05-20,Smoked haddock chowder,creamy hearty lunchtime starter,
2026-05-21,Smoked haddock chowder,creamy hearty lunchtime starter,
2026-05-22,Roast vegetable wellington,festive vegetarian crisp pastry,crustaceans;fish
2026-05-23,Pan-fried sea bream,light citrus butter seasonal greens,eggs;molluscs;tree nuts
2026-05-23,Confit duck leg,rich classic redcurrant indulgent,crustaceans;mustard;soya
2026-05-25,Roast vegetable wellington,festive vegetarian crisp pastry,crustaceans;fish
2026-05-26,Roast vegetable wellington,festive vegetarian crisp pastry,crustaceans;fish
2026-05-26,Pan-fried sea bream,light citrus butter seasonal greens,eggs;molluscs;tree nuts
2026-05-27,Beetroot & goats cheese salad,fresh light colourful starter,soya;sulphur dioxide
2026-05-27,Smoked haddock chowder,creamy hearty lunchtime starter,
2026-05-28,Wild mushroom risotto,creamy parmesan vegetarian warming,
2026-05-28,Roast vegetable wellington,festive vegetarian crisp pastry,crustaceans;fish
2026-05-29,Slow-braised lamb shoulder,rosemary root vegetables comfort,crustaceans;soya;sulphur dioxide
2026-05-29,Beetroot & goats cheese salad,fresh light colourful starter,soya;sulphur dioxide
2026-05-30,Slow-braised lamb shoulder,rosemary root vegetables comfort,crustaceans;soya;sulphur dioxide
2026-05-30,Confit duck leg,rich classic redcurrant indulgent,crustaceans;mustard;soya
2026-06-01,Poached pear & almond tart,autumn dessert delicate sweet,lupin
2026-06-03,Slow-braised lamb shoulder,rosemary root vegetables comfort,crustaceans;soya;sulphur dioxide
2026-06-03,Wild mushroom risotto,creamy parmesan vegetarian warming,
2026-06-04,Poached pear & almond tart,autumn dessert delicate sweet,lupin
2026-06-04,Beetroot & goats cheese salad,fresh light colourful starter,soya;sulphur dioxide
2026-06-05,Roast vegetable wellington,festive vegetarian crisp pastry,crustaceans;fish
2026-06-06,Pan-fried sea bream,light citrus butter seasonal greens,eggs;molluscs;tree nuts
