item,category,unit_cost,allergens
Coffee,Drinks,0.94,
Fish pie,Main,4.66,crustaceans
Fruit crumble,Dessert,2.10,
Glass of house wine,Drinks,1.87,lupin;tree nuts
Grilled salmon,Main,4.80,molluscs
Matzo ball soup,Starter,2.93,
Paneer & spinach curry,Main,4.23,milk;sesame
Pot of tea,Drinks,1.10,
Roast chicken,Main,4.57,fish;mustard;peanuts;tree nuts
Shepherd's pie,Main,4.29,
Soup of the day,Starter,2.43,eggs;peanuts;sulphur dioxide
Sticky toffee pudding,Dessert,1.98,celery;gluten (cereals);molluscs;sulphur dioxide
Vegetable biryani,Main,3.81,crustaceans;molluscs;mustard;soya
