date,time,party_size,status,source
2026-04-13,13:10,1,seated,phone
2026-04-13,13:42,3,seated,online
2026-04-13,12:20,3,seated,online
2026-04-13,13:53,4,seated,online
2026-04-14,15:53,3,seated,online
2026-04-14,18:10,3,seated,online
2026-04-14,15:35,2,seated,online
2026-04-14,17:37,3,seated,online
2026-04-14,13:40,3,seated,online
2026-04-14,14:00,2,seated,phone
2026-04-14,17:26,2,seated,online
2026-04-14,18:06,2,seated,online
2026-04-14,13:05,1,seated,online
2026-04-14,13:00,3,no-show,online
2026-04-15,17:37,2,seated,online
2026-04-15,18:22,2,seated,phone
2026-04-15,13:57,3,seated,online
2026-04-15,16:33,3,seated,online
2026-04-15,13:14,2,seated,online
2026-04-15,12:14,2,seated,online
2026-04-15,16:27,2,seated,online
2026-04-15,15:59,3,seated,online
2026-04-15,13:16,1,seated,phone
2026-04-15,18:21,1,seated,online
2026-04-16,14:46,2,seated,online
2026-04-16,15:00,2,seated,online
2026-04-16,15:24,3,seated,online
2026-04-16,14:50,3,seated,phone
2026-04-16,14:24,2,seated,online
2026-04-16,18:26,2,seated,online
2026-04-16,15:47,3,seated,phone
2026-04-16,18:26,2,seated,online
2026-04-16,15:36,2,seated,online
2026-04-17,13:20,2,seated,online
2026-04-17,16:39,3,seated,online
2026-04-17,17:03,2,seated,online
2026-04-17,17:17,2,seated,online
2026-04-17,18:56,4,seated,phone
2026-04-17,18:16,3,seated,online
2026-04-17,13:34,2,seated,online
2026-04-17,18:35,2,seated,online
2026-04-17,15:23,2,seated,online
2026-04-17,18:47,2,seated,online
2026-04-17,13:55,2,seated,online
2026-04-17,17:28,4,seated,online
2026-04-17,13:00,4,no-show,online
2026-04-18,12:01,2,seated,online
2026-04-18,13:46,2,seated,phone
2026-04-18,15:35,2,seated,online
2026-04-18,17:33,2,seated,online
2026-04-18,18:59,2,seated,online
2026-04-18,12:21,2,seated,online
2026-04-18,12:57,3,seated,online
2026-04-18,16:00,4,seated,online
2026-04-18,18:00,2,seated,phone
2026-04-18,13:59,4,seated,online
2026-04-18,15:40,2,seated,phone
2026-04-18,16:25,2,seated,phone
2026-04-18,13:00,4,no-show,online
2026-04-20,12:32,3,seated,online
2026-04-20,14:06,3,seated,online
2026-04-20,14:28,2,seated,phone
2026-04-20,12:30,2,seated,phone
2026-04-21,15:51,2,seated,phone
2026-04-21,14:26,2,seated,online
2026-04-21,14:37,2,seated,online
2026-04-21,15:10,3,seated,phone
2026-04-21,18:19,1,seated,phone
2026-04-21,16:27,4,seated,online
2026-04-21,12:00,1,seated,phone
2026-04-21,12:51,4,seated,phone
2026-04-22,17:48,2,seated,phone
2026-04-22,15:10,1,seated,phone
2026-04-22,14:23,2,seated,online
2026-04-22,18:13,3,seated,phone
2026-04-22,17:05,3,seated,phone
2026-04-22,15:09,2,seated,online
2026-04-22,13:56,3,seated,online
2026-04-22,13:42,1,seated,phone
2026-04-22,14:24,2,seated,online
2026-04-22,18:53,4,seated,online
2026-04-23,18:58,3,seated,online
2026-04-23,14:34,3,seated,online
2026-04-23,13:07,1,seated,online
2026-04-23,17:13,3,seated,online
2026-04-23,19:00,2,seated,online
2026-04-23,18:56,1,seated,online
2026-04-23,17:45,3,seated,online
2026-04-23,16:35,1,seated,phone
2026-04-23,13:39,3,seated,online
2026-04-23,14:13,1,seated,phone
2026-04-23,13:00,4,no-show,online
2026-04-24,12:26,2,seated,online
2026-04-24,13:11,3,seated,online
2026-04-24,13:34,2,seated,online
2026-04-24,15:30,1,seated,online
2026-04-24,18:36,2,seated,online
2026-04-24,12:36,2,seated,phone
2026-04-24,16:22,1,seated,phone
2026-04-24,16:26,3,seated,phone
2026-04-24,15:29,3,seated,online
2026-04-24,13:32,1,seated,online
2026-04-24,16:24,4,seated,phone
2026-04-24,14:41,2,seated,phone
2026-04-24,16:03,4,seated,online
2026-04-25,12:15,3,seated,online
2026-04-25,18:42,2,seated,online
2026-04-25,18:15,4,seated,online
2026-04-25,13:46,2,seated,online
2026-04-25,18:21,3,seated,online
2026-04-25,14:18,4,seated,online
2026-04-25,12:13,2,seated,online
2026-04-25,15:59,2,seated,phone
2026-04-25,13:14,4,seated,online
2026-04-25,17:23,2,seated,online
2026-04-25,14:07,2,seated,online
2026-04-25,17:32,3,seated,online
2026-04-27,12:37,1,seated,phone
2026-04-27,14:10,3,seated,phone
2026-04-27,13:14,2,seated,online
2026-04-27,14:19,3,seated,online
2026-04-28,16:06,2,seated,phone
2026-04-28,14:10,3,seated,online
2026-04-28,18:26,2,seated,phone
2026-04-28,16:02,3,seated,online
2026-04-28,18:51,4,seated,online
2026-04-28,15:06,2,seated,online
2026-04-28,12:53,1,seated,online
2026-04-28,15:04,2,seated,online
2026-04-28,13:00,3,no-show,online
2026-04-29,12:26,2,seated,online
2026-04-29,15:56,2,seated,online
2026-04-29,16:52,2,seated,online
2026-04-29,12:08,3,seated,online
2026-04-29,17:16,4,seated,online
2026-04-29,18:40,1,seated,online
2026-04-29,17:03,1,seated,phone
2026-04-29,15:16,2,seated,online
2026-04-30,17:25,2,seated,phone
2026-04-30,13:42,1,seated,online
2026-04-30,15:32,2,seated,phone
2026-04-30,12:45,3,seated,online
2026-04-30,15:47,2,seated,online
2026-04-30,12:39,2,seated,online
2026-04-30,16:22,3,seated,phone
2026-04-30,16:12,2,seated,online
2026-04-30,14:42,1,seated,online
2026-04-30,15:16,4,seated,online
2026-04-30,18:13,2,seated,online
2026-05-01,15:51,2,seated,online
2026-05-01,16:52,2,seated,online
2026-05-01,14:06,2,seated,phone
2026-05-01,17:50,1,seated,online
2026-05-01,15:38,2,seated,online
2026-05-01,18:17,1,seated,online
2026-05-01,12:47,2,seated,online
2026-05-01,16:08,4,seated,phone
2026-05-01,13:27,4,seated,phone
2026-05-01,15:52,3,seated,online
2026-05-01,12:27,1,seated,online
2026-05-02,14:13,2,seated,phone
2026-05-02,13:47,3,seated,online
2026-05-02,16:47,1,seated,online
2026-05-02,18:33,3,seated,phone
2026-05-02,13:37,3,seated,online
2026-05-02,16:00,3,seated,online
2026-05-02,17:23,2,seated,online
2026-05-02,13:12,3,seated,online
2026-05-02,13:18,3,seated,online
2026-05-02,17:37,1,seated,phone
2026-05-02,14:34,1,seated,online
2026-05-02,14:46,3,seated,phone
2026-05-02,17:31,1,seated,online
2026-05-02,18:35,2,seated,phone
2026-05-02,16:18,1,seated,online
2026-05-04,14:12,4,seated,online
2026-05-04,14:02,1,seated,online
2026-05-04,13:01,1,seated,online
2026-05-04,12:53,3,seated,online
2026-05-04,13:50,1,seated,online
2026-05-04,12:47,2,seated,online
2026-05-05,12:55,2,seated,phone
2026-05-05,16:51,4,seated,phone
2026-05-05,18:30,1,seated,online
2026-05-05,14:49,1,seated,online
2026-05-05,14:02,2,seated,phone
2026-05-05,16:39,2,seated,online
2026-05-05,12:34,2,seated,online
2026-05-05,18:45,1,seated,online
2026-05-05,15:27,4,seated,online
2026-05-06,17:07,3,seated,online
2026-05-06,12:45,4,seated,online
2026-05-06,13:22,3,seated,phone
2026-05-06,17:08,1,seated,online
2026-05-06,18:24,2,seated,online
2026-05-06,17:39,1,seated,online
2026-05-06,17:00,2,seated,phone
2026-05-06,12:49,4,seated,online
2026-05-07,16:44,1,seated,online
2026-05-07,18:32,3,seated,online
2026-05-07,17:46,2,seated,phone
2026-05-07,12:03,1,seated,online
2026-05-07,12:26,2,seated,phone
2026-05-07,12:48,2,seated,online
2026-05-07,13:50,2,seated,online
2026-05-07,16:05,2,seated,phone
2026-05-07,12:45,2,seated,phone
2026-05-07,17:55,2,seated,online
2026-05-07,17:01,3,seated,phone
2026-05-08,14:24,2,seated,phone
2026-05-08,16:46,3,seated,online
2026-05-08,12:05,2,seated,online
2026-05-08,14:40,1,seated,phone
2026-05-08,18:19,2,seated,online
2026-05-08,14:40,3,seated,online
2026-05-08,17:42,3,seated,phone
2026-05-08,15:55,3,seated,phone
2026-05-08,12:38,2,seated,phone
2026-05-08,17:41,1,seated,phone
2026-05-08,18:08,2,seated,online
2026-05-08,13:32,1,seated,online
2026-05-08,15:05,1,seated,online
2026-05-08,13:00,4,no-show,online
2026-05-09,15:06,1,seated,phone
2026-05-09,14:17,3,seated,phone
2026-05-09,13:47,2,seated,online
2026-05-09,12:15,2,seated,phone
2026-05-09,14:45,1,seated,online
2026-05-09,15:21,2,seated,phone
2026-05-09,13:15,2,seated,online
2026-05-09,14:15,2,seated,online
2026-05-09,16:41,1,seated,online
2026-05-09,13:18,3,seated,phone
2026-05-09,14:13,2,seated,online
2026-05-09,16:55,1,seated,online
2026-05-09,15:30,2,seated,online
2026-05-09,17:43,3,seated,online
2026-05-09,15:00,1,seated,online
2026-05-09,13:00,3,no-show,online
2026-05-11,12:27,1,seated,phone
2026-05-11,12:20,2,seated,online
2026-05-11,12:00,2,seated,online
2026-05-11,14:19,3,seated,online
2026-05-12,14:34,2,seated,online
2026-05-12,14:12,2,seated,online
2026-05-12,18:25,2,seated,phone
2026-05-12,14:04,2,seated,online
2026-05-12,19:00,1,seated,online
2026-05-12,14:27,4,seated,phone
2026-05-12,13:06,2,seated,phone
2026-05-12,18:40,1,seated,phone
2026-05-12,15:18,2,seated,online
2026-05-12,12:31,3,seated,online
2026-05-12,13:10,2,seated,online
2026-05-13,13:13,3,seated,phone
2026-05-13,17:01,3,seated,online
2026-05-13,12:56,2,seated,online
2026-05-13,15:28,2,seated,phone
2026-05-13,17:23,1,seated,phone
2026-05-13,12:10,1,seated,online
2026-05-13,16:26,1,seated,phone
2026-05-13,14:18,3,seated,online
2026-05-13,18:40,2,seated,online
2026-05-13,12:58,2,seated,online
2026-05-13,16:28,1,seated,online
2026-05-13,13:00,4,no-show,online
2026-05-14,12:17,3,seated,phone
2026-05-14,13:15,1,seated,online
2026-05-14,18:24,2,seated,online
2026-05-14,16:55,3,seated,online
2026-05-14,15:36,2,seated,online
2026-05-14,14:16,1,seated,online
2026-05-14,17:23,2,seated,phone
2026-05-14,15:21,2,seated,online
2026-05-14,14:04,2,seated,online
2026-05-14,16:44,1,seated,online
2026-05-14,13:00,2,no-show,online
2026-05-15,18:38,1,seated,online
2026-05-15,13:21,2,seated,phone
2026-05-15,13:20,1,seated,online
2026-05-15,14:47,3,seated,phone
2026-05-15,12:10,4,seated,phone
2026-05-15,15:24,1,seated,online
2026-05-15,18:39,4,seated,phone
2026-05-15,15:44,2,seated,phone
2026-05-15,13:29,3,seated,online
2026-05-15,17:44,3,seated,phone
2026-05-15,17:07,1,seated,online
2026-05-15,14:14,2,seated,phone
2026-05-15,18:06,2,seated,phone
2026-05-15,13:00,2,no-show,online
2026-05-16,14:14,3,seated,online
2026-05-16,13:15,3,seated,online
2026-05-16,12:17,3,seated,online
2026-05-16,13:55,2,seated,online
2026-05-16,13:47,2,seated,online
2026-05-16,12:33,4,seated,online
2026-05-16,13:13,1,seated,online
2026-05-16,13:56,3,seated,online
2026-05-16,14:31,1,seated,online
2026-05-16,13:10,2,seated,phone
2026-05-16,18:28,2,seated,phone
2026-05-16,13:20,2,seated,phone
2026-05-16,12:35,2,seated,online
2026-05-16,16:25,2,seated,online
2026-05-16,16:28,2,seated,online
2026-05-16,13:00,3,no-show,online
2026-05-18,13:41,3,seated,phone
2026-05-18,13:51,3,seated,online
2026-05-18,13:37,2,seated,online
2026-05-18,13:41,2,seated,phone
2026-05-18,12:29,2,seated,online
2026-05-19,15:46,3,seated,phone
2026-05-19,17:41,1,seated,online
2026-05-19,13:12,2,seated,phone
2026-05-19,14:43,2,seated,online
2026-05-19,12:35,3,seated,phone
2026-05-19,12:08,2,seated,online
2026-05-19,13:21,4,seated,phone
2026-05-19,15:48,2,seated,online
2026-05-19,16:22,2,seated,online
2026-05-19,15:46,2,seated,online
2026-05-19,13:00,4,no-show,online
2026-05-20,14:25,2,seated,online
2026-05-20,12:57,1,seated,phone
2026-05-20,13:31,2,seated,online
2026-05-20,13:36,2,seated,online
2026-05-20,12:52,1,seated,online
2026-05-20,16:38,4,seated,online
2026-05-20,17:53,3,seated,online
2026-05-20,18:48,1,seated,online
2026-05-20,18:49,4,seated,online
2026-05-21,15:15,2,seated,online
2026-05-21,16:28,1,seated,online
2026-05-21,14:22,1,seated,phone
2026-05-21,13:44,2,seated,online
2026-05-21,15:55,4,seated,phone
2026-05-21,15:37,2,seated,online
2026-05-21,17:06,2,seated,phone
2026-05-21,16:04,3,seated,online
2026-05-21,18:50,2,seated,online
2026-05-21,13:49,2,seated,online
2026-05-22,14:55,2,seated,online
2026-05-22,17:47,3,seated,online
2026-05-22,12:12,2,seated,online
2026-05-22,16:09,2,seated,online
2026-05-22,16:16,3,seated,phone
2026-05-22,14:53,2,seated,phone
2026-05-22,17:13,2,seated,online
2026-05-22,18:49,3,seated,online
2026-05-22,15:26,2,seated,online
2026-05-22,15:23,2,seated,phone
2026-05-22,13:56,1,seated,online
2026-05-22,14:33,2,seated,online
2026-05-23,17:53,2,seated,online
2026-05-23,15:52,1,seated,online
2026-05-23,13:09,2,seated,online
2026-05-23,16:31,4,seated,online
2026-05-23,12:25,2,seated,online
2026-05-23,12:18,2,seated,phone
2026-05-23,12:54,1,seated,phone
2026-05-23,12:55,1,seated,online
2026-05-23,17:53,2,seated,phone
2026-05-23,17:44,2,seated,phone
2026-05-23,18:22,2,seated,online
2026-05-23,14:39,1,seated,online
2026-05-23,13:22,2,seated,phone
2026-05-23,17:14,2,seated,online
2026-05-25,13:25,2,seated,online
2026-05-25,12:50,2,seated,phone
2026-05-25,13:12,2,seated,phone
2026-05-25,14:09,4,seated,phone
2026-05-26,16:25,1,seated,phone
2026-05-26,13:59,2,seated,online
2026-05-26,15:30,3,seated,phone
2026-05-26,16:28,1,seated,online
2026-05-26,13:22,1,seated,phone
2026-05-26,17:03,2,seated,online
2026-05-26,17:33,1,seated,online
2026-05-26,16:58,1,seated,online
2026-05-26,16:14,2,seated,phone
2026-05-26,13:50,1,seated,phone
2026-05-26,17:49,2,seated,online
2026-05-27,17:27,2,seated,online
2026-05-27,17:49,3,seated,online
2026-05-27,13:13,2,seated,online
2026-05-27,14:16,4,seated,online
2026-05-27,13:49,3,seated,phone
2026-05-27,15:05,3,seated,phone
2026-05-27,16:52,1,seated,phone
2026-05-27,16:35,3,seated,phone
2026-05-27,15:06,1,seated,phone
2026-05-27,14:56,2,seated,online
2026-05-27,13:00,3,no-show,online
2026-05-28,15:24,4,seated,online
2026-05-28,15:55,3,seated,online
2026-05-28,14:18,3,seated,online
2026-05-28,14:00,2,seated,phone
2026-05-28,18:30,2,seated,online
2026-05-28,14:07,3,seated,online
2026-05-28,18:42,2,seated,online
2026-05-28,13:21,2,seated,online
2026-05-28,18:23,4,seated,online
2026-05-28,14:21,4,seated,phone
2026-05-28,15:48,1,seated,online
2026-05-29,17:06,3,seated,online
2026-05-29,15:14,2,seated,phone
2026-05-29,17:19,2,seated,phone
2026-05-29,12:13,2,seated,online
2026-05-29,17:13,3,seated,online
2026-05-29,14:12,1,seated,online
2026-05-29,12:18,2,seated,phone
2026-05-29,14:15,2,seated,online
2026-05-29,17:56,3,seated,phone
2026-05-29,12:40,1,seated,phone
2026-05-29,12:51,2,seated,online
2026-05-29,14:22,4,seated,phone
2026-05-29,17:25,2,seated,phone
2026-05-30,12:17,2,seated,online
2026-05-30,12:54,3,seated,online
2026-05-30,12:32,3,seated,online
2026-05-30,15:23,1,seated,phone
2026-05-30,17:46,2,seated,online
2026-05-30,14:08,3,seated,phone
2026-05-30,15:44,2,seated,online
2026-05-30,12:44,1,seated,online
2026-05-30,15:09,2,seated,online
2026-05-30,13:51,2,seated,online
2026-05-30,12:23,3,seated,online
2026-05-30,12:00,1,seated,online
2026-05-30,12:30,2,seated,online
2026-05-30,12:59,1,seated,phone
2026-06-01,12:32,2,seated,online
2026-06-01,12:28,3,seated,online
2026-06-01,13:58,2,seated,online
2026-06-01,13:57,2,seated,online
2026-06-01,13:00,3,no-show,online
2026-06-02,17:42,1,seated,online
2026-06-02,15:54,2,seated,online
2026-06-02,15:26,4,seated,phone
2026-06-02,17:37,1,seated,online
2026-06-02,13:07,3,seated,phone
2026-06-02,15:28,2,seated,online
2026-06-02,17:02,4,seated,online
2026-06-02,14:02,2,seated,online
2026-06-02,18:47,2,seated,online
2026-06-02,17:55,3,seated,online
2026-06-02,13:00,2,no-show,online
2026-06-03,18:23,4,seated,online
2026-06-03,15:35,1,seated,online
2026-06-03,18:38,2,seated,phone
2026-06-03,12:08,1,seated,online
2026-06-03,13:35,1,seated,online
2026-06-03,18:24,1,seated,online
2026-06-03,15:17,2,seated,phone
2026-06-03,18:49,2,seated,online
2026-06-03,14:07,3,seated,online
2026-06-03,15:02,3,seated,phone
2026-06-04,12:30,2,seated,online
2026-06-04,17:05,3,seated,online
2026-06-04,14:06,2,seated,phone
2026-06-04,12:20,2,seated,online
2026-06-04,12:57,3,seated,online
2026-06-04,15:36,2,seated,phone
2026-06-04,14:09,2,seated,online
2026-06-04,17:39,2,seated,online
2026-06-04,16:33,3,seated,phone
2026-06-04,14:25,3,seated,online
2026-06-04,13:18,3,seated,online
2026-06-04,16:33,3,seated,phone
2026-06-05,15:09,4,seated,phone
2026-06-05,17:26,3,seated,online
2026-06-05,14:14,4,seated,online
2026-06-05,16:42,2,seated,online
2026-06-05,12:42,2,seated,online
2026-06-05,13:03,4,seated,online
2026-06-05,12:34,4,seated,online
2026-06-05,14:59,3,seated,online
2026-06-05,15:45,1,seated,online
2026-06-05,13:38,1,seated,online
2026-06-05,15:46,3,seated,online
2026-06-05,16:14,2,seated,online
2026-06-05,12:41,1,seated,phone
2026-06-06,12:15,2,seated,phone
2026-06-06,15:34,2,seated,online
2026-06-06,13:46,2,seated,online
2026-06-06,18:33,3,seated,phone
2026-06-06,18:10,3,seated,phone
2026-06-06,15:34,2,seated,phone
2026-06-06,14:36,4,seated,phone
2026-06-06,15:12,2,seated,online
2026-06-06,15:29,2,seated,phone
2026-06-06,18:42,2,seated,online
2026-06-06,18:44,2,seated,phone
2026-06-06,14:42,3,seated,phone
