date,platform,rating,text
2026-04-13,opentable,4,Lovely lunch as always.
2026-04-13,tripadvisor,4,Lovely lunch as always.
2026-04-14,opentable,4,Service was warm and unhurried.
2026-04-14,tripadvisor,4,"Wonderful staff, felt very looked after."
2026-04-15,google,4,"Decent food and friendly staff, nothing to fault."
2026-04-15,opentable,4,Lovely lunch as always.
2026-04-15,opentable,4,Lovely lunch as always.
2026-04-15,opentable,4,Service was warm and unhurried.
2026-04-15,opentable,4,Lovely lunch as always.
2026-04-15,opentable,4,Service was warm and unhurried.
2026-04-15,opentable,4,Lovely lunch as always.
2026-04-15,tripadvisor,4,"Decent food and friendly staff, nothing to fault."
2026-04-16,google,4,"Pleasant enough, a few small things to tidy up."
2026-04-16,opentable,4,"Pleasant enough, a few small things to tidy up."
2026-04-16,opentable,4,"Decent food and friendly staff, nothing to fault."
2026-04-18,google,4,Soup a little salty today.
2026-04-18,google,4,Service was warm and unhurried.
2026-04-18,opentable,3,Service was kind but the food missed the mark.
2026-04-18,opentable,4,Service was warm and unhurried.
2026-04-18,tripadvisor,4,Soup a little salty today.
2026-04-18,tripadvisor,3,Service was kind but the food missed the mark.
2026-04-23,google,5,Warm welcome and attentive service throughout.
2026-04-23,opentable,5,Lovely lunch as always.
2026-04-23,tripadvisor,5,Warm welcome and attentive service throughout.
2026-04-28,google,5,Everything was beautifully presented and tasty.
2026-04-29,google,4,Soup a little salty today.
2026-04-29,opentable,5,Lovely lunch as always.
2026-04-29,tripadvisor,5,Lovely lunch as always.
2026-05-06,google,4,"Wonderful staff, felt very looked after."
2026-05-08,opentable,4,Soup a little salty today.
2026-05-09,opentable,4,"Decent food and friendly staff, nothing to fault."
2026-05-09,tripadvisor,4,"Pleasant enough, a few small things to tidy up."
2026-05-12,opentable,4,Soup a little salty today.
2026-05-14,google,5,"A really lovely meal, we'll be back."
2026-05-14,google,5,Warm welcome and attentive service throughout.
2026-05-14,tripadvisor,5,Warm welcome and attentive service throughout.
2026-05-18,tripadvisor,4,"Decent food and friendly staff, nothing to fault."
2026-05-19,google,4,"Pleasant enough, a few small things to tidy up."
2026-05-20,tripadvisor,5,Soup a little salty today.
2026-05-21,opentable,4,"Decent food and friendly staff, nothing to fault."
2026-05-27,google,5,Everything was beautifully presented and tasty.
2026-05-27,opentable,5,Warm welcome and attentive service throughout.
2026-05-27,opentable,5,"A really lovely meal, we'll be back."
2026-05-28,google,5,Lovely lunch as always.
2026-05-29,tripadvisor,4,"Decent food and friendly staff, nothing to fault."
2026-06-01,google,4,Service was warm and unhurried.
2026-06-03,opentable,4,"Pleasant enough, a few small things to tidy up."
2026-06-06,tripadvisor,5,Everything was beautifully presented and tasty.
